{
  "presetName": "disintegration",
  "parameters": {
    "Width multiplier": {
      "min": 0,
      "max": 2,
      "value": 0.8730000257492065
    },
    "Initial speed": {
      "min": 0,
      "max": 10,
      "value": 4.140000343322754
    },
    "Branch angle offset": {
      "min": 0,
      "max": 2,
      "value": 0.9130000472068787
    },
    "Branch count reduction": {
      "min": 0,
      "max": 3,
      "value": 0
    },
    "Speed multiplier": {
      "min": 0,
      "max": 2,
      "value": 0.9350000619888306
    },
    "Speed increment": {
      "min": -0.5,
      "max": 0.5,
      "value": -0.43400001525878906
    },
    "Branch count": {
      "min": 0,
      "max": 10,
      "value": 3
    },
    "Branching chance": {
      "min": 0,
      "max": 1,
      "value": 0.07000000029802322
    },
    "Random sequence seed": {
      "min": 0,
      "max": 200,
      "value": 4
    },
    "Minimum speed": {
      "min": 0,
      "max": 0.20000000298023224,
      "value": 0
    },
    "Alpha": {
      "min": 0,
      "max": 255,
      "value": 249.51600646972656
    },
    "Width expansion": {
      "min": 0.5,
      "max": 1.5,
      "value": 0.5180000066757202
    },
    "Speed random deviation": {
      "min": 0,
      "max": 0.20000000298023224,
      "value": 0.13700000941753387
    },
    "Branch movement": {
      "min": 0,
      "max": 1,
      "value": 0.10600000619888306
    }
  }
}