{
  "presetName": "fireworks-2",
  "parameters": {
    "Width multiplier": {
      "min": 0,
      "max": 2,
      "value": 1.2730000019073486
    },
    "Initial speed": {
      "min": 0,
      "max": 10,
      "value": 2.957000255584717
    },
    "Branch angle offset": {
      "min": 0,
      "max": 2,
      "value": 0.5380000472068787
    },
    "Branch count reduction": {
      "min": 0,
      "max": 3,
      "value": 3
    },
    "Speed multiplier": {
      "min": 0,
      "max": 2,
      "value": 0.9950000643730164
    },
    "Speed increment": {
      "min": -0.5,
      "max": 0.5,
      "value": 0.12400000542402267
    },
    "Branch count": {
      "min": 0,
      "max": 10,
      "value": 9
    },
    "Branching chance": {
      "min": 0,
      "max": 1,
      "value": 0.03800000250339508
    },
    "Random sequence seed": {
      "min": 0,
      "max": 200,
      "value": 44
    },
    "Minimum speed": {
      "min": 0,
      "max": 0.20000000298023224,
      "value": 0
    },
    "Alpha": {
      "min": 0,
      "max": 255,
      "value": 255
    },
    "Width expansion": {
      "min": 0.5,
      "max": 1.5,
      "value": 0.6740000247955322
    },
    "Speed random deviation": {
      "min": 0,
      "max": 0.20000000298023224,
      "value": 0.17400000989437103
    },
    "Branch movement": {
      "min": 0,
      "max": 1,
      "value": 0.16100001335144043
    }
  }
}