{
  "presetName": "grouping-balls",
  "parameters": {
    "radius-onepole-frequency": {
      "min": 0,
      "max": 1,
      "value": 0.5850000381469727
    },
    "background-color": {
      "r": {
        "min": 0,
        "max": 1,
        "value": 0.2580000162124634
      },
      "b": {
        "min": 0,
        "max": 1,
        "value": 0.3060000240802765
      },
      "g": {
        "min": 0,
        "max": 1,
        "value": 0.2900000214576721
      },
      "alpha": {
        "min": 0,
        "max": 1,
        "value": 0.18800000846385956
      }
    },
    "xPos-randomsequenced": {
      "smoothed-onepole-frequency": {
        "min": 0,
        "max": 0.5,
        "value": 0.027000000700354576
      },
      "seed": {
        "min": 0,
        "max": 200,
        "value": 49
      },
      "length-normalized": {
        "min": 0,
        "max": 1,
        "value": 0.703000009059906
      },
      "rate-normalized": {
        "min": 0,
        "max": 1,
        "value": 0.05900000408291817
      }
    },
    "yPos": {
      "min": 0,
      "max": 1080,
      "value": 857.7686767578125
    },
    "yPos-randomsequenced": {
      "smoothed-onepole-frequency": {
        "min": 0,
        "max": 0.5,
        "value": 0.03200000151991844
      },
      "seed": {
        "min": 0,
        "max": 200,
        "value": 49
      },
      "length-normalized": {
        "min": 0,
        "max": 1,
        "value": 0.831000030040741
      },
      "rate-normalized": {
        "min": 0,
        "max": 1,
        "value": 0.14000000059604645
      }
    },
    "numBalls": {
      "min": 0,
      "max": 14,
      "value": 14
    },
    "alpha": {
      "min": 0,
      "max": 1,
      "value": 0.2630000114440918
    },
    "xPos": {
      "min": 0,
      "max": 1920,
      "value": 1758.7154541015625
    },
    "radius": {
      "min": 20,
      "max": 500,
      "value": 102.58100128173828
    },
    "radius-modulated-phasor-amount": {
      "min": -1,
      "max": 1,
      "value": 0.5
    }
  }
}