{
  "presetName": "infinite-tree-1",
  "parameters": {
    "Width multiplier": {
      "min": 0,
      "max": 2,
      "value": 0.1510000079870224
    },
    "Initial speed": {
      "min": 0,
      "max": 10,
      "value": 10
    },
    "Branch angle offset": {
      "min": 0,
      "max": 2,
      "value": 0.24700000882148743
    },
    "Branch count reduction": {
      "min": 0,
      "max": 3,
      "value": 0
    },
    "Speed multiplier": {
      "min": 0,
      "max": 2,
      "value": 1
    },
    "Speed increment": {
      "min": -0.5,
      "max": 0.5,
      "value": 0.3920000195503235
    },
    "Branch count": {
      "min": 0,
      "max": 10,
      "value": 2
    },
    "Branching chance": {
      "min": 0,
      "max": 1,
      "value": 0.027000000700354576
    },
    "Random sequence seed": {
      "min": 0,
      "max": 200,
      "value": 22
    },
    "Minimum speed": {
      "min": 0,
      "max": 0.20000000298023224,
      "value": 0.1600000113248825
    },
    "Alpha": {
      "min": 0,
      "max": 255,
      "value": 205.64500427246094
    },
    "Width expansion": {
      "min": 0.5,
      "max": 1.5,
      "value": 0.6240000128746033
    },
    "Speed random deviation": {
      "min": 0,
      "max": 0.20000000298023224,
      "value": 0.15800000727176666
    },
    "Branch movement": {
      "min": 0,
      "max": 1,
      "value": 0.5160000324249268
    }
  }
}