{
  "presetName": "jumpy-balls",
  "parameters": {
    "radius-onepole-frequency": {
      "min": 0,
      "max": 1,
      "value": 0.5850000381469727
    },
    "background-color": {
      "r": {
        "min": 0,
        "max": 1,
        "value": 0.328000009059906
      },
      "b": {
        "min": 0,
        "max": 1,
        "value": 0.3440000116825104
      },
      "g": {
        "min": 0,
        "max": 1,
        "value": 0.21000000834465027
      },
      "alpha": {
        "min": 0,
        "max": 1,
        "value": 0.7050000429153442
      }
    },
    "xPos-randomsequenced": {
      "smoothed-onepole-frequency": {
        "min": 0,
        "max": 0.5,
        "value": 0.06000000238418579
      },
      "seed": {
        "min": 0,
        "max": 200,
        "value": 49
      },
      "length-normalized": {
        "min": 0,
        "max": 1,
        "value": 0.703000009059906
      },
      "rate-normalized": {
        "min": 0,
        "max": 1,
        "value": 0.3360000252723694
      }
    },
    "yPos": {
      "min": 0,
      "max": 1080,
      "value": 857.7686767578125
    },
    "yPos-randomsequenced": {
      "smoothed-onepole-frequency": {
        "min": 0,
        "max": 0.5,
        "value": 0.4910000264644623
      },
      "seed": {
        "min": 0,
        "max": 200,
        "value": 49
      },
      "length-normalized": {
        "min": 0,
        "max": 1,
        "value": 0.831000030040741
      },
      "rate-normalized": {
        "min": 0,
        "max": 1,
        "value": 0.6340000033378601
      }
    },
    "numBalls": {
      "min": 0,
      "max": 14,
      "value": 5
    },
    "xPos": {
      "min": 0,
      "max": 1920,
      "value": 1758.7154541015625
    },
    "radius": {
      "min": 20,
      "max": 500,
      "value": 102.86100769042969
    },
    "radius-modulated-phasor-amount": {
      "min": -1,
      "max": 1,
      "value": 0.5
    }
  }
}