{
  "presetName": "pudding-3",
  "parameters": {
    "Width multiplier": {
      "min": 0,
      "max": 2,
      "value": 1.346000075340271
    },
    "Initial speed": {
      "min": 0,
      "max": 10,
      "value": 10
    },
    "Branch angle offset": {
      "min": 0,
      "max": 2,
      "value": 0.8980000615119934
    },
    "Branch count reduction": {
      "min": 0,
      "max": 3,
      "value": 0
    },
    "Speed multiplier": {
      "min": 0,
      "max": 2,
      "value": 0.8490000367164612
    },
    "Speed increment": {
      "min": -0.5,
      "max": 0.5,
      "value": -0.02500000037252903
    },
    "Branch count": {
      "min": 0,
      "max": 10,
      "value": 2
    },
    "Branching chance": {
      "min": 0,
      "max": 1,
      "value": 0.006000000052154064
    },
    "Random sequence seed": {
      "min": 0,
      "max": 200,
      "value": 50
    },
    "Minimum speed": {
      "min": 0,
      "max": 0.20000000298023224,
      "value": 0.15600000321865082
    },
    "Alpha": {
      "min": 0,
      "max": 255,
      "value": 168.62901306152344
    },
    "Width expansion": {
      "min": 0.5,
      "max": 1.5,
      "value": 1.2970000505447388
    },
    "Speed random deviation": {
      "min": 0,
      "max": 0.20000000298023224,
      "value": 0.18000000715255737
    },
    "Branch movement": {
      "min": 0,
      "max": 1,
      "value": 0.597000002861023
    }
  }
}